32.7 % of all households were made up of individuals and 15.7 % had someone living alone who was 65 years of age or older .	 % of all households	 made	 up
32.7 % of all households were made up of individuals and 15.7 % had someone living alone who was 65 years of age or older .	 % of all households	 were made	 of individuals
32.7 % of all households were made up of individuals and 15.7 % had someone living alone who was 65 years of age or older .	 all households	 were made	 up
32.7 % of all households were made up of individuals and 15.7 % had someone living alone who was 65 years of age or older .	 all households	 were made	 of individuals
32.7 % of all households were made up of individuals and 15.7 % had someone living alone who was 65 years of age or older .	 15.7 % had	 had	 someone living alone who was 65 years of age or older
32.7 % of all households were made up of individuals and 15.7 % had someone living alone who was 65 years of age or older .	 had someone living alone who was 65 years of age or older	 had	 someone living alone
A CEN forms an important but small part of a Local Strategic Partnership .	 A CEN	 forms	 an important but small part of a Local Strategic Partnership
A Democrat , he became the youngest mayor in Pittsburgh APOSs history in September 2006 at the age of 26 .	 he	 became	 A Democrat
A Democrat , he became the youngest mayor in Pittsburgh APOSs history in September 2006 at the age of 26 .	 he	 became	 the youngest mayor in Pittsburgh APOSs history
A Democrat , he became the youngest mayor in Pittsburgh APOSs history in September 2006 at the age of 26 .	 he	 became	 mayor in Pittsburgh APOSs history
A Democrat , he became the youngest mayor in Pittsburgh APOSs history in September 2006 at the age of 26 .	 he	 became	 at the age of 26
A cafeteria is also located on the sixth floor , a chapel on the 14th floor , and a study hall on the 15th floor	 A cafeteria	 is located	 on the sixth floor
A cafeteria is also located on the sixth floor , a chapel on the 14th floor , and a study hall on the 15th floor	 A chapel	 is located	 on the 14th floor
A cafeteria is also located on the sixth floor , a chapel on the 14th floor , and a study hall on the 15th floor	 A study hall	 is located	 on the 15th floor
